{
  "version": 8,
  "name": "openmaptiles",
  "metadata": {
    "maputnik:renderer": "mbgljs"
  },
  "center": [
    0,
    0
  ],
  "sources": {
    "roads": {
      "type": "vector",
      "url": "https://roads.parkingdp.online/tiles/capabilities/openmaptiles.json"
    }
  },
  "sprite": "https://openmaptiles.github.io/positron-gl-style/sprite",
  "glyphs": "https://api.maptiler.com/fonts/{fontstack}/{range}.pbf?key=bLS8H3o5teZhmuwDvTQ9",
  "layers": [
    {
      "id": "transportation",
      "type": "fill",
      "source": "roads",
      "source-layer": "transportation",
      "layout": {
        "visibility": "visible"
      },
      "paint": {
        "fill-color": "rgba(108,85,3,0.1)",
        "fill-outline-color": "#6c5503"
      }
    },
    {
      "id": "kmplus",
      "type": "line",
      "source": "roads",
      "source-layer": "kmplus",
      "layout": {
        "visibility": "visible"
      }
    },
    {
      "id": "kmplus-naming",
      "type": "symbol",
      "source": "roads",
      "source-layer": "kmplus",
      "layout": {
        "text-field": "{ref}",
        "visibility": "visible",
        "symbol-placement": "line"
      },
      "paint": {
        "text-halo-width": 30,
        "text-halo-color": "rgba(255, 255, 255, 1)",
        "text-halo-blur": 5
      }
    },
    {
      "id": "osm_missing_lines",
      "type": "line",
      "source": "roads",
      "source-layer": "osm_missing_lines",
      "layout": {
        "visibility": "visible"
      },
      "paint": {
        "line-width": 3,
        "line-color": "rgba(255, 231, 0, 1)"
      }
    },
    {
      "id": "osm_extra_lines",
      "type": "line",
      "source": "roads",
      "source-layer": "osm_extra_lines",
      "layout": {
        "visibility": "visible"
      },
      "paint": {
        "line-width": 3,
        "line-color": "rgba(255, 0, 0, 1)"
      }
    }
  ],
  "id": "u4ghko6wv"
}