[
  {
    "Перший рівень": "7310100000",
    "Другий рівень": "",
    "Третій рівень": "",
    "Четвертий рівень": "",
    "Категорія": "",
    "Назва об'єкта українською мовою": "Чернівці"
  },
  {
    "Перший рівень": "7310130000",
    "Другий рівень": "",
    "Третій рівень": "",
    "Четвертий рівень": "",
    "Категорія": "",
    "Назва об'єкта українською мовою": "райони м. Чернівці"
  },
  {
    "Перший рівень": "7310136300",
    "Другий рівень": "",
    "Третій рівень": "",
    "Четвертий рівень": "",
    "Категорія": "",
    "Назва об'єкта українською мовою": "Ленінський"
  },
  {
    "Перший рівень": "7310136600",
    "Другий рівень": "",
    "Третій рівень": "",
    "Четвертий рівень": "",
    "Категорія": "",
    "Назва об'єкта українською мовою": "Першотравневий"
  },
  {
    "Перший рівень": "7310136900",
    "Другий рівень": "",
    "Третій рівень": "",
    "Четвертий рівень": "",
    "Категорія": "",
    "Назва об'єкта українською мовою": "Садгірський"
  },
  {
    "Перший рівень": "0522284000",
    "Другий рівень": "",
    "Третій рівень": "",
    "Четвертий рівень": "",
    "Категорія": "",
    "Назва об'єкта українською мовою": "Новоприлуцька сільська рада"
  },
  {
    "Перший рівень": "1825088600",
    "Другий рівень": "",
    "Третій рівень": "",
    "Четвертий рівень": "",
    "Категорія": "",
    "Назва об'єкта українською мовою": "Житомир"
  },
  {
    "Перший рівень": "6821885700",
    "Другий рівень": "",
    "Третій рівень": "",
    "Четвертий рівень": "",
    "Категорія": "",
    "Назва об'єкта українською мовою": "Дунаєвецька"
  },
  {
    "Перший рівень": "3221285602",
    "Другий рівень": "",
    "Третій рівень": "",
    "Четвертий рівень": "",
    "Категорія": "",
    "Назва об'єкта українською мовою": "Барвиця"
  },
  {
    "Перший рівень": "2320683500",
    "Другий рівень": "",
    "Третій рівень": "",
    "Четвертий рівень": "",
    "Категорія": "",
    "Назва об'єкта українською мовою": "Бердянський район"
  }
]

